SNR,Throught
-4.5, 0
-4, 0
-3.5, 0
-3, 0.00366667
-2.5, 0.0916667
-2, 0.286
-1.5, 0.363
-1, 0.366667
-0.5, 0.366667
0, 0.368509
0.5, 0.419048
1, 0.626781
1.5, 0.698413
2, 0.733333
2.5, 0.733333
3, 0.733333
3.5, 0.733333
4, 0.733333
