SNR,Throught
1.25, 0.66365
1.5, 0.701754
1.75, 0.722496
2, 0.733333
2.25, 0.733333
2.5, 0.733333
2.75, 0.733333
3, 0.733333
3.25, 0.733333
3.5, 0.733333
3.75, 0.733333
4, 0.733333
