Eb_over_N0, FER, BER
1,0.44,0.0604
1.5,0.1584,0.01474
2,0.041,0.00119
2.5,0.0224,0.00025162
,,
