Eb_over_N0, FER, BER
1,0.49,0.06076
1.5,0.2,0.014
2,0.078,0.001311
2.5,0.04992,0.00034
