Eb_over_N0, FER, BER
1, 0.156433, 0.0577239
1.5, 0.112139, 0.0409868
2, 0.0713521, 0.0259008
2.5, 0.0447978, 0.0162243
3, 0.027499, 0.00984921
