Eb_over_N0, FER, BER
1, 0.1554, 0.057265
1.25, 0.129955, 0.0483431
1.5, 0.103627, 0.0379793
1.75, 0.0865801, 0.0316739
2, 0.0727934, 0.0265939
