Eb_over_N0, FER, BER
1, 0.15163, 0.0556229
1.25, 0.132846, 0.0486439
1.5, 0.108489, 0.0399421
1.75, 0.0930449, 0.0337753
2, 0.0722282, 0.026255
2.25, 0.0591453, 0.0215979
2.5, 0.0479386, 0.0172499
