Eb_over_N0, FER, BER
1, 0.247985, 0.0849349
1.5, 0.19656, 0.0662899
2, 0.145455, 0.0497091
2.5, 0.0996512, 0.0332088
3, 0.0738007, 0.0244834
