SNR,Throught
-3, 0.343106
-2.5, 0.346111
-2, 0.349433
-1.5, 0.352672
-1, 0.353888
-0.5, 0.354848
0, 0.355212
0.5, 0.355212
1, 0.355307
