SNR, time
1,1.61213
1.25,0.596179
1.5,0.257921
1.75,0.0898707
2,0.0793991
2.25,0.0414036
2.5,0.036273
