SNR, Throughput
-4.5, 0
-4, 0
-3.5, 0.044
-3, 0.278667
-2.5, 0.363
-2, 0.366667
-1.5, 0.366667
-1, 0.366667
-0.5, 0.366667
0, 0.368509
0.5, 0.419048
1, 0.626781
1.5, 0.698413
2, 0.733333
2.5, 0.733333
3, 0.733333
3.5, 0.733333
4, 0.733333
4.5, 0.733333
5, 0.733333
5.5, 0.733333
6, 0.733333
