SNR,Throught
-4, 0.0201667
-3.5, 0.229167
-3, 0.3465
-2.5, 0.366818
-2, 0.367426
-1.5, 0.369247
-1, 0.372131
-0.5, 0.37714
0, 0.383211
0.5, 0.422593
1, 0.583352
1.5, 0.723393
2, 0.733333
2.5, 0.733333
3, 0.733333
3.5, 0.733333
4, 0.733333
4.5, 0.733333
5, 0.733333
5.5, 0.733333
6, 0.733333
