SNR,Throught
1.5, 0.704078
1.75, 0.723094
2, 0.729987
2.25, 0.733333
2.5, 0.733333
2.75, 0.733333
3, 0.733333
3.25, 0.733333
3.5, 0.733333
3.75, 0.733333
4, 0.733333
