SNR,Throught
-4, 0.11
-3.5, 0.286
-3, 0.359333
-2.5, 0.366667
-2, 0.368488
-1.5, 0.371827
-1, 0.372435
-0.5, 0.376077
0, 0.382149
0.5, 0.451169
1, 0.660183
1.5, 0.733333
2, 0.733333
2.5, 0.733333
3, 0.733333
3.5, 0.733333
4, 0.733333
4.5, 0.733333
5, 0.733333
5.5, 0.733333
6, 0.733333
