SNR,Throught
-4, 0
-3.5, 0
-3, 0.0696667
-2.5, 0.293333
-2, 0.36697
-1.5, 0.368488
-1, 0.370006
-0.5, 0.373952
0, 0.37972
0.5, 0.386815
1, 0.406096
1.5, 0.54548
2, 0.676125
2.5, 0.733333
3, 0.733333
3.5, 0.733333
4, 0.733333
4.5, 0.733333
5, 0.733333
5.5, 0.733333
6, 0.733333
