SNR, time
1,11.1393
1.25,3.55461
1.5,1.17296
1.75,0.756157
2,0.366537
2.25,0.268483
2.5,0.210548
