SNR, time
1,0.161901
1.25,0.305824
1.5,0.443921
1.75,0.564966
2,0.668331
2.25,0.760955
2.5,0.848715
