SNR,Throught
-4.5, 0
-4, 0
-3.5, 0
-3, 0.0256667
-2.5, 0.172333
-2, 0.33
-1.5, 0.363
-1, 0.366857
-0.5, 0.366857
0, 0.37037
0.5, 0.436508
1, 0.654762
1.5, 0.705128
2, 0.733333
2.5, 0.733333
3, 0.733333
3.5, 0.733333
4, 0.733333
