SNR, Throughput
-3, 0.0001
-2.75, 0.00200004
-2.5, 0.0131521
-2.25, 0.0521951
-2, 0.151599
-1.75, 0.294689
-1.5, 0.415791
-1.25, 0.478996
-1, 0.50127
-0.75, 0.506969
-0.5, 0.507499
-0.25, 0.507552
0, 0.507553
0.25, 0.507553
0.5, 0.507553
0.75, 0.507553
1, 0.507553
1.25, 0.507553
1.5, 0.507553
1.75, 0.507553
2, 0.507553
2.25, 0.507553
2.5, 0.507553
2.75, 0.507553
3, 0.507553
