SNR,Throught
-4.5, 0
-4, 0
-3.5, 0.0183333
-3, 0.187
-2.5, 0.344667
-2, 0.36731
-1.5, 0.36731
-1, 0.369667
-0.5, 0.372024
0, 0.378379
0.5, 0.443308
1, 0.646658
1.5, 0.706364
2, 0.733333
2.5, 0.733333
3, 0.733333
3.5, 0.733333
4, 0.733333
4.5, 0.733333
5, 0.733333
5.5, 0.733333
6, 0.733333
