SNR,Throught
-4.5, 0
-4, 0
-3.5, 0.022
-3, 0.190667
-2.5, 0.344881
-2, 0.36731
-1.5, 0.36731
-1, 0.369667
-0.5, 0.372238
0, 0.378379
0.5, 0.445947
1, 0.652381
1.5, 0.706364
2, 0.733333
2.5, 0.733333
3, 0.733333
3.5, 0.733333
4, 0.733333
4.5, 0.733333
5, 0.733333
5.5, 0.733333
6, 0.733333
