SNR,Throught
-4.5, 0
-4, 0
-3.5, 0.0146667
-3, 0.121
-2.5, 0.326333
-2, 0.363643
-1.5, 0.36731
-1, 0.369238
-0.5, 0.372024
0, 0.376693
0.5, 0.428599
1, 0.63081
1.5, 0.700045
2, 0.733333
2.5, 0.733333
3, 0.733333
3.5, 0.733333
4, 0.733333
4.5, 0.733333
5, 0.733333
5.5, 0.733333
6, 0.733333
