SNR, Throughput
-4, 0
-3.5, 0
-3, 0.00733333
-2.5, 0.194333
-2, 0.333667
-1.5, 0.363
-1, 0.366667
-0.5, 0.366667
0, 0.366667
0.5, 0.433925
1, 0.654762
1.5, 0.733333
2, 0.733333
2.5, 0.733333
3, 0.733333
3.5, 0.733333
4, 0.733333
4.5, 0.733333
