SNR, Throughput
-4, 0
-3.5, 0
-3, 0
-2.5, 0.0146667
-2, 0.183333
-1.5, 0.348333
-1, 0.366667
-0.5, 0.366667
0, 0.366667
0.5, 0.368509
1, 0.385965
1.5, 0.531401
2, 0.672783
2.5, 0.733333
3, 0.733333
3.5, 0.733333
4, 0.733333
4.5, 0.733333
