SNR, Throughput
-4, 0
-3.5, 0
-3, 0.0183333
-2.5, 0.201667
-2, 0.337333
-1.5, 0.363
-1, 0.366667
-0.5, 0.366667
0, 0.368509
0.5, 0.441767
1, 0.660661
1.5, 0.733333
2, 0.733333
2.5, 0.733333
3, 0.733333
3.5, 0.733333
4, 0.733333
4.5, 0.733333
