SNR, Throughput
-4, 0
-3.5, 0
-3, 0.00733333
-2.5, 0.183333
-2, 0.33
-1.5, 0.363
-1, 0.366667
-0.5, 0.366667
0, 0.366667
0.5, 0.423892
1, 0.632184
1.5, 0.733333
2, 0.733333
2.5, 0.733333
3, 0.733333
3.5, 0.733333
4, 0.733333
4.5, 0.733333
