SNR, Throughput
-2, 0.000555556
-1.75, 0.0157639
-1.5, 0.0413194
-1.25, 0.137847
-1, 0.269514
-0.75, 0.407847
-0.5, 0.472847
-0.25, 0.502431
0, 0.508264
0.25, 0.508542
0.5, 0.509514
0.75, 0.508542
1, 0.507847
1.25, 0.509792
1.5, 0.508819
1.75, 0.508194
2, 0.508611
2.25, 0.509722
2.5, 0.508611
2.75, 0.507917
3, 0.510069
