SNR, Throught
-6, 0
-5.5, 0.00333333
-5, 0.0640649
-4.5, 0.25269
-4, 0.33243
-3.5, 0.346266