SNR, Throughput
-3, 0.000172222
-2.75, 0.000684036
-2.5, 0.00728459
-2.25, 0.0353188
-2, 0.114898
-1.75, 0.244961
-1.5, 0.376927
-1.25, 0.464904
-1, 0.497331
-0.75, 0.505756
-0.5, 0.507501
-0.25, 0.507501
0, 0.507553
0.25, 0.507553
0.5, 0.507553
0.75, 0.507553
1, 0.507553
1.25, 0.507553
1.5, 0.507553
1.75, 0.507553
2, 0.507553
2.25, 0.507553
2.5, 0.507553
2.75, 0.507553
3, 0.507553
