SNR, Throughput
-3, 0.0183514
-2.75, 0.0285884
-2.5, 0.050055
-2.25, 0.105702
-2, 0.214944
-1.75, 0.338235
-1.5, 0.437895
-1.25, 0.48997
-1, 0.504606
-0.75, 0.50719
-0.5, 0.507501
-0.25, 0.507553
0, 0.507553
0.25, 0.507553
0.5, 0.507553
0.75, 0.507553
1, 0.507553
1.25, 0.507553
1.5, 0.507553
1.75, 0.507553
2, 0.507553
2.25, 0.507553
2.5, 0.507553
2.75, 0.507553
3, 0.507553
