SNR,Throught
0, 0.367126
0.25, 0.373673
0.5, 0.399093
0.75, 0.458333
1, 0.577428
1.25, 0.665155
1.5, 0.715447
1.75, 0.731505
2, 0.733333
2.25, 0.733333
2.5, 0.733333
