SNR,Throught
-4, 0
-3.75, 0
-3.5, 0
-3.25, 0
-3, 0.00275
-2.75, 0.0311667
-2.5, 0.120083
-2.25, 0.265833
-2, 0.33
-1.75, 0.355667
-1.5, 0.363
-1.25, 0.366667
-1, 0.36575
-0.75, 0.366667
-0.5, 0.366667
-0.25, 0.366667
0, 0.367126
0.25, 0.373673
0.5, 0.399093
0.75, 0.458333
1, 0.577428
1.25, 0.665155
1.5, 0.715447
1.75, 0.731505
2, 0.733333
2.25, 0.733333
2.5, 0.733333
