SNR,Throught
1.25, 0.656227
1.5, 0.70008
1.75, 0.731505
