SNR,Throught
-4.5, 0.00366667
-4, 0.103024
-3.5, 0.320607
-3, 0.371131
-2.5, 0.37506
-2, 0.378274
-1.5, 0.37881
-1, 0.380952
-0.5, 0.383631
0, 0.387686
0.5, 0.450964
1, 0.658588
1.5, 0.706502
2, 0.733333
2.5, 0.733333
3, 0.733333
3.5, 0.733333
4, 0.733333
4.5, 0.733333
5, 0.733333
5.5, 0.733333
6, 0.733333
