SNR,Throught
-4.5, 0
-4, 0
-3.5, 0.011
-3, 0.0733333
-2.5, 0.301024
-2, 0.362012
-1.5, 0.370952
-1, 0.374881
-0.5, 0.378452
0, 0.380774
0.5, 0.382202
1, 0.409434
1.5, 0.510285
2, 0.693845
2.5, 0.719655
3, 0.726426
3.5, 0.733333
4, 0.733333
4.5, 0.733333
5, 0.733333
5.5, 0.733333
6, 0.733333
