SNR,Throught
-4.5, 0
-4, 0.0183333
-3.5, 0.198179
-3, 0.357095
-2.5, 0.37381
-2, 0.377024
-1.5, 0.376845
-1, 0.38006
-0.5, 0.382917
0, 0.384482
0.5, 0.416927
1, 0.588813
1.5, 0.693845
2, 0.733333
2.5, 0.733333
3, 0.733333
3.5, 0.733333
4, 0.733333
4.5, 0.733333
5, 0.733333
5.5, 0.733333
6, 0.733333
