SNR,Throught
-4.5, 0
-4, 0
-3.5, 0.00733333
-3, 0.0623333
-2.5, 0.304333
-2, 0.364071
-1.5, 0.368274
-1, 0.370238
-0.5, 0.372381
0, 0.375508
0.5, 0.409316
1, 0.587396
1.5, 0.693845
2, 0.733333
2.5, 0.733333
3, 0.733333
3.5, 0.733333
4, 0.733333
4.5, 0.733333
5, 0.733333
5.5, 0.733333
6, 0.733333
