SNR, Throughput
-2,0.00165
-0.5, 
0, 0.566125
0.5,  0.570384
1, 0.573839