SNR, time 
1,2.2698
1.25,1.31014
1.5,0.818337
1.75,0.729165
2,0.609874
2.25,0.636828
2.5,0.622908
2.75,0.630137
3,0.637039
