SNR, time 
1,0.657948
1.25,0.635935
1.5,0.630012
1.75,0.657597
2,0.649474
2.25,0.642786
2.5,0.643425
2.75,0.660906
3,0.61626
