SNR, time 
1,0.664392
1.25,0.666985
1.5,0.651783
1.75,0.645603
2,0.629928
2.25,0.637112
2.5,0.609511
2.75,0.652049
3,0.634384
