SNR, time 
1,2.48001
1.25,2.52202
1.5,2.49259
1.75,2.47579
2,2.46246
2.25,2.44021
2.5,2.41719
2.75,2.40933
3,2.44085
