SNR, time 
1,2.52014
1.25,2.46228
