SNR, time 
1,11.3144
1.25,5.55873
1.5,5.04809
1.75,3.37406
2,3.31079
2.25,3.31229
2.5,3.46996
2.75,3.29722
3,3.47183
