SNR, Throughput
-4.5, 0
-4, 0
-3.5, 0.022
-3, 0.231
-2.5, 0.366667
-2, 0.366667
-1.5, 0.366667
-1, 0.366667
-0.5, 0.366667
0, 0.366667
0.5, 0.366667
1, 0.394265
1.5, 0.498866
2, 0.691824
2.5, 0.718954
3, 0.726073
3.5, 0.733333
4, 0.733333
4.5, 0.733333
5, 0.733333
5.5, 0.733333
6, 0.733333
