SNR, Throughput
-4.5, 0.00366667
-4, 0.106333
-3.5, 0.322667
-3, 0.366667
-2.5, 0.366667
-2, 0.366667
-1.5, 0.366667
-1, 0.366667
-0.5, 0.366667
0, 0.368509
0.5, 0.400729
1, 0.582011
1.5, 0.691824
2, 0.733333
2.5, 0.733333
3, 0.733333
3.5, 0.733333
4, 0.733333
4.5, 0.733333
5, 0.733333
5.5, 0.733333
6, 0.733333
