SNR, Throughput
-2, 0.17
-1.75, 0.240458
-1.5, 0.399182
-1.25, 0.481463
-1, 0.520222
-0.75, 0.544041
-0.5, 0.550892
-0.25, 0.55205
0, 0.552632
0.25, 0.552632
0.5, 0.552632
0.75, 0.552632
1, 0.552632
1.25, 0.552632
1.5, 0.552632
1.75, 0.552632
2, 0.552632
2.25, 0.552632
2.5, 0.552632
2.75, 0.552632
3, 0.552632
