SNR, Throughput
-2, 0.148199
-1.75, 0.28357
-1.5, 0.411255
-1.25, 0.485773
-1, 0.523029
-0.75, 0.54112
-0.5, 0.549295
-0.25, 0.55194
0, 0.552521
0.25, 0.55262
0.5, 0.552632
0.75, 0.552632
1, 0.552632
1.25, 0.552632
1.5, 0.552632
1.75, 0.552632
2, 0.552632
2.25, 0.552632
2.5, 0.552632
2.75, 0.552632
3, 0.552632
