SNR,Throught
-4.5, 0
-4, 0
-3.5, 0
-3, 0
-2.5, 0.099
-2, 0.297
-1.5, 0.355667
-1, 0.366667
-0.5, 0.366667
0, 0.37037
0.5, 0.433925
1, 0.643275
1.5, 0.705128
2, 0.733333
2.5, 0.733333
3, 0.733333
3.5, 0.733333
4, 0.733333
4.5, 0.733333
5, 0.733333
5.5, 0.733333
6, 0.733333
