SNR,Throught
-4, 0.022
-3.5, 0.183333
-3, 0.350048
-2.5, 0.371595
-2, 0.376952
-1.5, 0.38081
-1, 0.383167
-0.5, 0.384667
0, 0.385738
0.5, 0.407962
1, 0.590514
1.5, 0.733333
2, 0.733333
2.5, 0.733333
3, 0.733333
3.5, 0.733333
4, 0.733333
4.5, 0.733333
5, 0.733333
5.5, 0.733333
6, 0.733333
