SNR,Throught
1, 0.617897
1.5, 0.713222
2, 0.726497
