SNR,Throught
-4.5, 0
-4.25, 0.00916667
-4, 0.0348333
-3.75, 0.0899405
-3.5, 0.190881
-3.25, 0.309179
-3, 0.342821
-2.75, 0.367833
-2.5, 0.372667
-2.25, 0.373095
-2, 0.375774
-1.75, 0.376738
-1.5, 0.378238
-1.25, 0.380167
-1, 0.382845
-0.75, 0.383488
-0.5, 0.383702
-0.25, 0.385202
0, 0.388221
0.25, 0.399765
0.5, 0.423744
0.75, 0.495207
1, 0.579859
1.25, 0.661926
1.5, 0.719795
1.75, 0.723129
2, 0.733333
2.25, 0.733333
2.5, 0.733333
2.75, 0.733333
3, 0.733333
3.25, 0.733333
3.5, 0.733333
3.75, 0.733333
4, 0.733333
4.25, 0.733333
4.5, 0.733333
4.75, 0.733333
5, 0.733333
5.25, 0.733333
5.5, 0.733333
5.75, 0.733333
6, 0.733333
