SNR,Throught
-4, 0.0733333
-3.5, 0.26119
-3, 0.358238
-2.5, 0.372452
-2, 0.377381
-1.5, 0.381238
-1, 0.38381
-0.5, 0.384881
0, 0.385952
0.5, 0.441729
1, 0.638095
1.5, 0.733333
2, 0.733333
2.5, 0.733333
3, 0.733333
3.5, 0.733333
4, 0.733333
4.5, 0.733333
5, 0.733333
5.5, 0.733333
6, 0.733333
