SNR,Throught
-4, 0.124667
-3.5, 0.3095
-3, 0.361905
-2.5, 0.372667
-2, 0.377381
-1.5, 0.381452
-1, 0.384024
-0.5, 0.384881
0, 0.388107
0.5, 0.456316
1, 0.664908
1.5, 0.733333
2, 0.733333
2.5, 0.733333
3, 0.733333
3.5, 0.733333
4, 0.733333
4.5, 0.733333
5, 0.733333
5.5, 0.733333
6, 0.733333
