SNR,Throught
-4.5, 0.0407917
-4, 0.225958
-3.5, 0.359333
-3, 0.370792
-2.5, 0.370833
-2, 0.370792
-1.5, 0.370792
-1, 0.370792
-0.5, 0.370833
0, 0.374453
0.5, 0.439881
1, 0.655655
1.5, 0.712217
2, 0.733333
2.5, 0.733333
3, 0.733333
3.5, 0.733333
4, 0.733333
4.5, 0.733333
5, 0.733333
5.5, 0.733333
6, 0.733333
