SNR,Throught
-4.5, 0
-4, 0
-3.5, 0.00733333
-3, 0.0623333
-2.5, 0.304333
-2, 0.363
-1.5, 0.366667
-1, 0.366881
-0.5, 0.366881
0, 0.369801
0.5, 0.402836
1, 0.585072
1.5, 0.692228
2, 0.733333
2.5, 0.733333
3, 0.733333
3.5, 0.733333
4, 0.733333
4.5, 0.733333
5, 0.733333
5.5, 0.733333
6, 0.733333
