SNR, time
1,1.17292
1.25,0.287863
1.5,0.109494
1.75,0.0651381
2,0.0394806
2.25,0.0287621
2.5,0.0211212
