SNR,Throught
-4, 0
-3.75, 0
-3.5, 0
-3.25, 0
-3, 0
-2.75, 0.00641667
-2.5, 0.0366667
-2.25, 0.154
-2, 0.26675
-1.75, 0.31625
-1.5, 0.356583
-1.25, 0.364833
-1, 0.36575
-0.75, 0.366667
-0.5, 0.366667
-0.25, 0.366667
0, 0.367126
0.25, 0.373673
0.5, 0.399093
0.75, 0.458333
1, 0.577428
1.25, 0.656227
1.5, 0.70008
1.75, 0.731505
2, 0.733333
2.25, 0.733333
2.5, 0.733333
2.75, 0.733333
3, 0.733333
3.25, 0.733333
3.5, 0.733333
3.75, 0.733333
4, 0.733333
