SNR,Throught
-4, 0
-3.75, 0
-3.5, 0
-3.25, 0
-3, 0.00916667
-2.75, 0.0733333
-2.5, 0.146667
-2.25, 0.2695
-2, 0.352
-1.75, 0.359333
-1.5, 0.366667
-1.25, 0.366667
-1, 0.366667
-0.75, 0.366667
-0.5, 0.366667
-0.25, 0.366667
0, 0.37037
0.25, 0.390071
0.5, 0.4276
0.75, 0.518257
1, 0.618847
1.25, 0.672783
1.5, 0.708535
1.75, 0.726073
2, 0.733333
2.25, 0.733333
2.5, 0.733333
2.75, 0.733333
3, 0.733333
3.25, 0.733333
3.5, 0.733333
3.75, 0.733333
4, 0.733333
