SNR, Throughput
-4.5, 0.0696667
-4, 0.253
-3.5, 0.363
-3,0.366667
-2.5,0.366667
-2,0.366667
-1.5,0.366667
-1, 0.366667
-0.5, 0.366667
0, 0.37415
0.5, 0.439122
1, 0.654762
1.5, 0.733333
2, 0.733333
2.5, 0.733333
3, 0.733333
3.5, 0.733333
4, 0.733333
