SNR, Throughput
-2, 0.01
-1.75, 0.005
-1.5, 0.047381
-1.25, 0.198333
-1, 0.36511
-0.75, 0.480288
-0.5, 0.534742
-0.25, 0.570788
0, 0.588296
