SNR, Throught
-6, 0
-5.5, 0.00333333
-5, 0.0643496
-4.5, 0.251625
-4, 0.334065
-3.5, 0.343943