SNR,time
1,1.35177
1.25,0.385251
1.5,0.189908
1.75,0.0825687
2,0.0711715
2.25,0.0391561
2.5,0.0378012
